,ListingNumber,Term,BorrowerAPR,BorrowerRate,LenderYield,EstimatedEffectiveYield,EstimatedLoss,EstimatedReturn,ProsperRating (numeric),ProsperScore,ListingCategory (numeric),EmploymentStatusDuration,IsBorrowerHomeowner,CurrentlyInGroup,CreditScoreRangeLower,CreditScoreRangeUpper,CurrentCreditLines,OpenCreditLines,TotalCreditLinespast7years,OpenRevolvingAccounts,OpenRevolvingMonthlyPayment,InquiriesLast6Months,TotalInquiries,CurrentDelinquencies,AmountDelinquent,DelinquenciesLast7Years,PublicRecordsLast10Years,PublicRecordsLast12Months,RevolvingCreditBalance,BankcardUtilization,AvailableBankcardCredit,TotalTrades,TradesNeverDelinquent (percentage),TradesOpenedLast6Months,DebtToIncomeRatio,IncomeVerifiable,StatedMonthlyIncome,TotalProsperLoans,TotalProsperPaymentsBilled,OnTimeProsperPayments,ProsperPaymentsLessThanOneMonthLate,ProsperPaymentsOneMonthPlusLate,ProsperPrincipalBorrowed,ProsperPrincipalOutstanding,ScorexChangeAtTimeOfListing,LoanCurrentDaysDelinquent,LoanFirstDefaultedCycleNumber,LoanMonthsSinceOrigination,LoanNumber,LoanOriginalAmount,MonthlyLoanPayment,LP_CustomerPayments,LP_CustomerPrincipalPayments,LP_InterestandFees,LP_ServiceFees,LP_CollectionFees,LP_GrossPrincipalLoss,LP_NetPrincipalLoss,LP_NonPrincipalRecoverypayments,PercentFunded,Recommendations,InvestmentFromFriendsCount,InvestmentFromFriendsAmount,Investors
ListingNumber,1.0,0.3199713299642627,-0.03152033084239083,-0.11439134264317884,-0.11354432966772837,-0.2177213518598543,-0.23956775182511664,-0.4613905745026114,0.2091997271046683,-0.10623498504350103,0.12706166865919694,0.15622353099917233,0.07674452582524138,-0.4396529717006975,0.2693952506526761,0.2693952506526761,0.14562069959359628,0.19570736127301375,0.1303688066564249,0.23210881046809656,0.1841008366708577,-0.29894148277358856,-0.2802277992202043,-0.2333263466681072,-0.024627294084450815,-0.07833619220997041,-0.04546707521541739,-0.07315141805275066,0.05705582161618268,0.08605283101869905,0.03669010200256972,0.13472878104119973,0.25465892812211466,-0.08453118208424783,-0.041809586747437885,-0.02402679625872582,0.07611274337749888,0.1748337017090361,0.1316718011786674,0.13206280503739926,0.020872910255679174,-0.005101344878785879,0.2525826575438902,0.16424845995954618,-0.12640922437626978,-0.3702261577164186,-0.15506228912305767,-0.9391794050706371,0.9950947054928463,0.3403600808146084,0.277266549153955,-0.38081436548110703,-0.3665550714754556,-0.28116977237341434,0.20828577017103053,0.10419068381061167,-0.25173944616580496,-0.24771575477865068,-0.0960042799961973,0.01468782526166307,-0.1260310052467054,-0.09281308725270865,-0.05348053926196009,-0.27965866844602566
Term,0.3199713299642627,1.0,-0.01118346854765218,0.02008536626835116,0.020556136303180823,0.057046563301561104,-0.10714008505671298,0.1525054128096755,0.07917914450960047,0.028946520426279383,0.004947144326446121,0.08247590573999251,0.0853393139840608,-0.14375114078809206,0.12626345342508555,0.12626345342508555,0.0770721243388801,0.09630874584008679,0.07652777507006443,0.09363651819940813,0.08404879172502062,-0.11356801898915167,-0.10313240395705352,-0.08380736677187337,-0.0164587234328554,-0.04149237889471673,-0.029511669768237162,-0.026251691206454392,0.026022497977002953,0.031535353142426274,0.015347737467368365,0.0796503466782435,0.11934193209886261,-0.02947603537791703,-0.014670053166760417,0.040402464954061516,0.0284792509158668,0.07031143906692365,0.0024619700143278197,0.0031472047683738544,-0.0029124951203434468,-0.008327793471751024,0.1304928258074143,0.15337171221917567,-0.048156926858593706,-0.13413431757169803,-0.07081917468470579,-0.34213032902728774,0.3356097049716387,0.33892745773451693,0.09102577974802471,-0.06969554143010702,-0.12825514095038498,0.15889024855811287,-0.16760036570422113,0.03584137078940775,-0.038353464517686,-0.03598066128560143,-0.03415741041482865,-0.02880641859407123,-0.05667969401761505,-0.043507048271918834,-0.024471880594512996,-0.045136519163166244
BorrowerAPR,-0.03152033084239083,-0.01118346854765218,1.0,0.9898239703032087,0.9893289051565728,0.8956348211024109,0.9495375016817327,0.7942751982947496,-0.9621512643205855,-0.6682871968922639,0.13245583482396034,-0.008588600881412882,-0.13282261789554822,-0.054566785477661965,-0.4297073220586866,-0.4297073220586866,-0.0934814576261673,-0.09886049222824231,0.002513417352464102,-0.1102023309840203,-0.04336543281938462,0.1461193077096778,0.11454640726097183,0.14940393564390436,0.06567919466222272,0.1622253910189315,0.12279280943927891,0.044094991345276384,-0.058539450975788235,0.2614380402519363,-0.348926134854317,-0.041893874837259676,-0.24134888301146026,0.10352723272489646,0.05632741744355818,-0.10997450375153207,-0.08233849089724919,-0.04146684115129476,0.03139883383818646,0.01863241313783099,0.09103391705513314,0.05534545353868757,-0.2062091362282549,-0.09034745378583196,-0.23196150804298263,0.08803154048305491,-0.18595560239172154,-0.07377282950025224,-0.03626890175252501,-0.32288668996970254,-0.22665286681437624,-0.11134989332144361,-0.18044529597051331,0.16972550664553648,0.11697367806025488,-0.04145199424914932,0.06730089212698258,0.06738529560324952,0.028519307899695742,-0.02823558579828025,-0.04423648406008291,-0.04675702929057233,-0.031841379581058746,-0.3076060533203787
BorrowerRate,-0.11439134264317884,0.02008536626835116,0.9898239703032087,1.0,0.99921133065114,0.895282455865617,0.9452969842603829,0.8176698691858469,-0.9531048858765379,-0.6497361439772402,0.1029134877442545,-0.019907440371092447,-0.13443056184458177,-0.0019638172098211536,-0.4615666774285071,-0.4615666774285071,-0.0974728011182029,-0.1059983590079865,-0.005793111196543213,-0.12598730952055884,-0.05562837403934206,0.18381002302390126,0.15312874783884267,0.17653008360220274,0.06564467376257431,0.1702787035860903,0.12831378044688005,0.051168538892753246,-0.059608230500830306,0.25548202913956697,-0.34386114299282217,-0.048210682255702644,-0.26118945893218554,0.11453845531457464,0.06291678009428991,-0.09954015876121648,-0.08898179888781738,-0.049270048216163084,0.01921694471343965,0.006995634440158214,0.08576981813823337,0.050769960264652435,-0.20646117654082852,-0.08568468372540083,-0.21715466957731422,0.13624360813772188,-0.17293577142801328,0.020419565631935272,-0.11872140555529834,-0.32895994993849814,-0.24474235007586478,-0.08105506412328066,-0.15372229649905625,0.20047913270675546,0.09599325934012226,-0.05337824759610689,0.1006347839610937,0.10030834027962682,0.04205874480982919,-0.029024572397658946,-0.03057868959367715,-0.03731181518282165,-0.026511608922689223,-0.2742169423223071
LenderYield,-0.11354432966772837,0.020556136303180823,0.9893289051565728,0.99921133065114,1.0,0.8953425375157404,0.9453083582576893,0.817654071049664,-0.9531193707636602,-0.6497834730131224,0.10439453357701978,-0.018954461578446172,-0.13299346025973102,-0.012683166249592077,-0.45435002294709487,-0.45435002294709487,-0.09631824309051021,-0.10479000923242791,-0.005470025040915728,-0.12460929600200649,-0.05471823122641427,0.18048251477226643,0.14991519151172278,0.17185380702563602,0.06502080077382441,0.16799984985493288,0.12639889404675853,0.04988264933239134,-0.05866544460934615,0.2537549186721722,-0.34093928179603133,-0.04724919209361399,-0.25628288320427667,0.11348213091731509,0.06194247234339778,-0.10015853335388882,-0.08820780629927383,-0.04951391218263146,0.01894512727448983,0.006723592593576095,0.08572415020742463,0.05077366835696951,-0.20672534975267068,-0.0857902484724481,-0.2170563415756315,0.13183976040417905,-0.17082495546348733,0.019154751917267492,-0.11795940242977886,-0.3284551073492601,-0.24421415143689282,-0.07905241165282599,-0.15156309713745666,0.20116156551998476,0.0978544286217626,-0.0529541818158753,0.09950623572635531,0.09919506645186517,0.04102516448116786,-0.029209384374501407,-0.031068701343786465,-0.037301855670184715,-0.026631800754614066,-0.2741738655018894
EstimatedEffectiveYield,-0.2177213518598543,0.057046563301561104,0.8956348211024109,0.895282455865617,0.8953425375157404,1.0,0.7981345555339308,0.8015679050970198,-0.8483935777291273,-0.632003389666307,0.10847540665333086,-0.023314520458826,-0.11100188479510047,-0.04802435103051785,-0.44512663375351863,-0.44512663375351863,-0.08947219348057725,-0.10152871311297598,-0.021227497424470814,-0.10996143151065581,-0.046540587777707636,0.22129314076516543,0.12746887918391087,0.13217203533521532,0.05436930000807075,0.1371783103017316,0.11076955301428464,0.03558938164184525,-0.048707001051712336,0.21974988257847972,-0.3242046878973261,-0.053520312932608484,-0.22899003460378642,0.14282906371741436,0.12850609568375584,-0.09768642567701903,-0.07910101698479004,-0.012418499347379899,0.0024929199887433642,-0.011209128854190105,0.0912773023504844,0.05399508457362077,-0.14334979515037732,-0.012066958768804094,-0.33995738917385143,0.13428767011854906,-0.1828873594918245,0.06244294227273259,-0.19387821399621938,-0.3272657134794812,-0.25158754935515676,-0.006059311728592006,-0.08642254093710226,0.25293619258990613,0.05830858213539947,-0.06870806440737243,0.13942101978208046,0.13871181103366964,0.04901385145404187,-0.04336576216574214,-0.04669429344748981,-0.06384755657336309,-0.03814571788913016,-0.2652435069615692
EstimatedLoss,-0.23956775182511664,-0.10714008505671298,0.9495375016817327,0.9452969842603829,0.9453083582576893,0.7981345555339308,1.0,0.5910556660530198,-0.9641819094002694,-0.673726989962024,0.0990307909970286,-0.03916047335205448,-0.12715104035029928,0.022090013698993594,-0.5112628168679659,-0.5112628168679659,-0.10197499438780128,-0.11762373392237134,-0.028852216565709143,-0.1322760452248035,-0.07208121864736317,0.27975978575821703,0.19772964394817616,0.15534473806628918,0.05173781677771816,0.14390562661160544,0.11371874926518667,0.03593823257247242,-0.06649753815594585,0.23375668347818715,-0.3427707434475718,-0.06812824474232568,-0.25937991662991783,0.15274275214218846,0.12611550310842826,-0.1190541000192016,-0.08925850262719448,-0.040203502872811145,0.03758428078435303,0.027464512443355422,0.07236099444214261,0.043721075401137996,-0.20575423694642891,-0.11472840731554074,-0.16992528503483095,0.19532174428295218,-0.07838648378019548,0.20191614402957012,-0.24082293762001186,-0.4298904027412943,-0.3287027419279995,-0.08526058641289602,-0.13354851453600408,0.10798681406367705,0.19747066900946111,-0.061119077141461545,0.0933375169394551,0.09205292574520263,0.05104914158016081,-0.022737704228265643,0.004080628058205005,0.009475168720203197,0.02455528058313031,-0.2755008821065262
EstimatedReturn,-0.4613905745026114,0.1525054128096755,0.7942751982947496,0.8176698691858469,0.817654071049664,0.8015679050970198,0.5910556660530198,1.0,-0.6599802455668912,-0.38321059157501913,0.09222942897848134,-0.036486505848033556,-0.0861617795878924,0.004943772563941687,-0.34623273155804374,-0.34623273155804374,-0.10384774070534233,-0.12455213732251907,-0.036331493606782374,-0.13045698628035016,-0.06410603440662976,0.15350688449623484,0.08378080239809889,0.10223428065477431,0.03835456414470449,0.09443582138625692,0.07474186864638596,0.03610581589514196,-0.04806599407773047,0.1608579469281889,-0.28414710576646124,-0.06566265250592476,-0.20468732957341895,0.07832295850601985,0.08723616611862009,-0.08280314827237018,-0.07501281493095409,-0.06513692272983726,-0.02620299590302492,-0.03751219652112298,0.070381995058738,0.04611930879378423,-0.1673691683416712,-0.04872691170146025,-0.20460309025544807,0.22340881835615425,-0.021910144515005257,0.37272723731148105,-0.4527312419711889,-0.2861175065046045,-0.25273126791280304,0.16794988697956528,0.058197911027172776,0.44042467118923,-0.1362742900278463,-0.094614120436068,0.19638405210769425,0.19447939123777874,0.07505328780299575,-0.03942161647484642,-0.019885511005265664,-0.04302165919160113,-0.03190235621002892,-0.09233728591472486
ProsperRating (numeric),0.2091997271046683,0.07917914450960047,-0.9621512643205855,-0.9531048858765379,-0.9531193707636602,-0.8483935777291273,-0.9641819094002694,-0.6599802455668912,1.0,0.7052214196390406,-0.09447404731182338,0.03607306145158663,0.13647032533237857,-0.012779402683345218,0.5488738499269037,0.5488738499269037,0.09237705551223627,0.10754260156682859,0.02702217487294859,0.12365184668531329,0.059874553119118906,-0.26430511791639943,-0.18870480496541203,-0.14520525586630723,-0.05107092227940126,-0.14714931461610065,-0.12110313613406475,-0.03579074108730509,0.06206839137182998,-0.26521736505051136,0.37443166480837226,0.06707096619168428,0.26135521445189275,-0.15257126586297434,-0.13534359067483953,0.11600329859749366,0.09430582996379251,0.04745476662682465,-0.028316424394447173,-0.016737469006614086,-0.08021818742480973,-0.050839049016035136,0.22698372108434645,0.10915391630607857,0.21786987878471062,-0.17444982720171998,0.11240316018665428,-0.16321265799883014,0.207118868776508,0.4285572220315477,0.32926206009188796,0.1037114148922254,0.1541510118645117,-0.10490096580087573,-0.21133743967908536,0.058148229986668146,-0.08611848492767957,-0.0849429415351577,-0.046824377935661216,0.012490988250370497,0.004772415966918861,0.007745539608180562,-0.01045938239906671,0.3077531242672988
ProsperScore,-0.10623498504350103,0.028946520426279383,-0.6682871968922639,-0.6497361439772402,-0.6497834730131224,-0.632003389666307,-0.673726989962024,-0.38321059157501913,0.7052214196390406,1.0,-0.009717876613464384,-0.007302108543087256,0.06443777693052674,0.03003203475389235,0.369603047403269,0.369603047403269,-0.008497456580140908,-0.0016089827545172036,-0.0372515471374441,0.030016687196053958,0.010118668736875237,-0.29676185902281965,-0.21576618057444788,-0.10061224252453889,-0.041600592215425315,-0.09775473822966585,-0.08537386633763881,-0.014884520544860634,0.0424174883338047,-0.2446955704421548,0.3185580380685015,-0.011130754231019576,0.12989369358239702,-0.2170775639496981,-0.14533589210025621,0.15461887779927075,0.08375665332991505,0.07052196697343857,0.04874837757350923,0.06092131792608968,-0.07217037861984976,-0.05070449544327728,0.19468503804848283,0.03442193578573263,0.2541766081939761,-0.03912070493780733,0.16116678904882709,0.17761489112759185,-0.12093836131987241,0.266293336187816,0.17542487866637418,0.1852895114887511,0.21319705010704454,0.010905208577290276,-0.2314637168571795,0.020132659919928967,-0.02483582659646544,-0.02478853821653152,-0.01783481872791146,-0.019343991556130154,0.026657580125478503,0.028343352433609473,0.0031310353644592314,0.32059380263020293
ListingCategory (numeric),0.12706166865919694,0.004947144326446121,0.13245583482396034,0.1029134877442545,0.10439453357701978,0.10847540665333086,0.0990307909970286,0.09222942897848134,-0.09447404731182338,-0.009717876613464384,1.0,-0.005543690375779126,-0.038224287285897066,-0.15965339481796767,0.10239977997518457,0.10239977997518457,-0.10503548398493717,-0.1066899490233015,-0.038400837650214195,-0.07318416673245778,-0.05952320174674224,-0.07264394139241762,-0.09132475061162278,-0.049935644976459734,0.02220237764349331,0.016949522566673328,-0.006986415806753089,0.0031674479879668527,-0.050052745870785155,-0.0875829522522585,-0.03151694475213188,-0.06543134546977755,-0.02248905575253563,-0.03230252079549409,-0.042754148501972004,-0.04346104751710501,0.0015993092732290257,0.009398082778814378,-0.00035340594016790717,-0.0012297121070519233,0.006146065090566565,0.0026558604565100853,-0.042385901080798774,-0.02138189274356274,-0.02642858874595976,-0.10162945578337677,-0.08156486514348925,-0.19865043431305904,0.12380340300795473,-0.12713005354940252,-0.11826343626074118,-0.06022857534585089,-0.06204983418229682,-0.030450877755773733,0.03418874310671673,0.01983940121396025,-0.054002037042873444,-0.053068166334551484,-0.0277000520184575,-0.01168777602989002,-0.02803148657602975,-0.01896772559982663,-0.013096263332459626,-0.07399587222787245
EmploymentStatusDuration,0.15622353099917233,0.08247590573999251,-0.008588600881412882,-0.019907440371092447,-0.018954461578446172,-0.023314520458826,-0.03916047335205448,-0.036486505848033556,0.03607306145158663,-0.007302108543087256,-0.005543690375779126,1.0,0.17104617028651245,-0.07705659224391109,0.08113410872403372,0.08113410872403372,0.14049285718612048,0.13973036807835126,0.1716519099598525,0.15470179565755243,0.1794350013061631,-0.04802449827664636,-0.04473585377946061,-0.009077576925606274,0.008184689289371792,0.012220717785047557,0.015945064681307852,-0.0039177205577401175,0.11832003716133753,0.08232097753169987,0.05300786276754336,0.218200129297758,0.051294078025870715,0.002881706247958546,-0.011609264724357787,0.030142868176505768,0.06983037448183328,0.06445086875120985,0.06813537964719175,0.06929383315462415,0.003826098884075157,-0.0045794983480428155,0.07975985868313187,0.04914984008174652,-0.026440459945563065,-0.07276768785847118,-0.006327537392255913,-0.17159776867215346,0.15937035932840427,0.09814934720405478,0.08116016139589148,-0.03929058704133831,-0.04527291761965226,-0.00310228420950628,0.0002007651505115563,0.00994974029845372,-0.03622924934762828,-0.035736692924118414,-0.0047896890144324316,0.0009976115861276885,-0.03940367547012523,-0.03143170468687401,-0.02082286549912625,-0.04159671215333076
IsBorrowerHomeowner,0.07674452582524138,0.0853393139840608,-0.13282261789554822,-0.13443056184458177,-0.13299346025973102,-0.11100188479510047,-0.12715104035029928,-0.0861617795878924,0.13647032533237857,0.06443777693052674,-0.038224287285897066,0.17104617028651245,1.0,-0.06278784278930126,0.29351565911228333,0.29351565911228333,0.27829484176435393,0.27903273194213757,0.29358665389139743,0.18891939867840615,0.27059076725017167,0.0068929738237300696,0.06659606619294367,-0.05545370798519458,0.038122258850723886,-0.07079839585274965,-0.08858331457622937,-0.015016121219466296,0.22464924061260652,0.08664085102938184,0.14203902205222463,0.31740576288063443,0.13712167602205672,0.033498511639985386,0.00017742713134985977,0.06410756136915764,0.14005112598400532,0.01949158607190682,0.003520620084022315,0.008302806004704373,-0.02930268435591492,-0.030232808712803018,0.1485006848712855,0.09960743422448967,-0.04468132379005569,-0.04124032880835863,0.03095499965094528,-0.08619574078761584,0.07606755455386705,0.2067866446266607,0.17970314529329168,0.09457151863816317,0.08918598970198675,0.07616819393440612,-0.12364932647805552,-0.0010576588487986184,0.024312614132128072,0.024655482755769707,0.005319574987383214,-0.00569588989549836,-0.009584923090786816,-0.010381983323473162,-0.007612444663043761,0.12509334757345153
CurrentlyInGroup,-0.4396529717006975,-0.14375114078809206,-0.054566785477661965,-0.0019638172098211536,-0.012683166249592077,-0.04802435103051785,0.022090013698993594,0.004943772563941687,-0.012779402683345218,0.03003203475389235,-0.15965339481796767,-0.07705659224391109,-0.06278784278930126,1.0,-0.2951079786713563,-0.2951079786713563,-0.03940553782503501,-0.060217155779783774,-0.04936994122552113,-0.10079925677073721,-0.0921234855451106,0.23822559339297214,0.24889867507988495,0.23244725418744208,0.02312931837762377,0.09896586080099992,0.06907741796870918,0.05387748828568337,-0.031903850408059015,0.004009995062701526,-0.03403841334708411,-0.04375461661019758,-0.1922370931021698,0.07670163384206113,0.07423950688200982,0.030141158749992354,-0.04838809645340078,0.06585182287311571,0.11247980178864452,0.10868912344287616,0.04534261137141193,0.013540233535002128,-0.001707805312454668,-0.08370199758347217,0.1439349235638788,0.24865954015245917,0.04491267098764696,0.48272713148823787,-0.4292109054761823,-0.114241174490845,-0.093558480031019,0.09484790000123064,0.10023662705317926,0.0392861300099473,0.005209459879754198,-0.0448997893414948,0.13227479897321887,0.13048779468987667,0.0616880421467465,0.023309833407635924,0.13334759910931882,0.10020528627383042,0.04690624876056119,0.09433784577796996
CreditScoreRangeLower,0.2693952506526761,0.12626345342508555,-0.4297073220586866,-0.4615666774285071,-0.45435002294709487,-0.44512663375351863,-0.5112628168679659,-0.34623273155804374,0.5488738499269037,0.369603047403269,0.10239977997518457,0.08113410872403372,0.29351565911228333,-0.2951079786713563,1.0,1.0,0.14209179493060997,0.14820983775418428,0.10870652619563541,0.21065946085592738,0.1389895797796099,-0.2621351251849553,-0.2765257301681436,-0.36845004621056243,-0.06584937056994665,-0.2512194266110419,-0.21472582221862596,-0.08344301856732919,0.08884785154365221,-0.4053380468400432,0.45325693113429055,0.14011839102633722,0.46889900184598293,-0.1030504178992336,-0.013168518894302839,-0.06121476446913536,0.10790082346003599,0.019949914481925093,-0.02404842129994645,-0.012846181714894486,-0.07957507857643926,-0.04680633998366399,0.23186318820430646,0.09695441370727041,0.317179597578452,-0.281306401685402,0.02294762105675379,-0.33289399490383326,0.2646661712722232,0.3408744514783809,0.29253204530382054,0.21012454165125255,0.22505751584933997,0.07680985619987052,-0.23797843240065716,0.031212403977709,-0.06105041201546987,-0.060673931121684635,-0.041627049516975566,-0.030432422317189442,-0.035079715260754214,-0.013162309625144484,-0.023008745793154716,0.27134998677368954
CreditScoreRangeUpper,0.2693952506526761,0.12626345342508555,-0.4297073220586866,-0.4615666774285071,-0.45435002294709487,-0.44512663375351863,-0.5112628168679659,-0.34623273155804374,0.5488738499269037,0.369603047403269,0.10239977997518457,0.08113410872403372,0.29351565911228333,-0.2951079786713563,1.0,1.0,0.14209179493060997,0.14820983775418428,0.10870652619563541,0.21065946085592738,0.1389895797796099,-0.2621351251849553,-0.2765257301681436,-0.36845004621056243,-0.06584937056994665,-0.2512194266110419,-0.21472582221862596,-0.08344301856732919,0.08884785154365221,-0.4053380468400432,0.45325693113429055,0.14011839102633722,0.46889900184598293,-0.1030504178992336,-0.013168518894302839,-0.06121476446913536,0.10790082346003599,0.019949914481925093,-0.02404842129994645,-0.012846181714894486,-0.07957507857643926,-0.04680633998366399,0.23186318820430646,0.09695441370727041,0.317179597578452,-0.281306401685402,0.02294762105675379,-0.33289399490383326,0.2646661712722232,0.3408744514783809,0.29253204530382054,0.21012454165125255,0.22505751584933997,0.07680985619987052,-0.23797843240065716,0.031212403977709,-0.06105041201546987,-0.060673931121684635,-0.041627049516975566,-0.030432422317189442,-0.035079715260754214,-0.013162309625144484,-0.023008745793154716,0.27134998677368954
CurrentCreditLines,0.14562069959359628,0.0770721243388801,-0.0934814576261673,-0.0974728011182029,-0.09631824309051021,-0.08947219348057725,-0.10197499438780128,-0.10384774070534233,0.09237705551223627,-0.008497456580140908,-0.10503548398493717,0.14049285718612048,0.27829484176435393,-0.03940553782503501,0.14209179493060997,0.14209179493060997,1.0,0.9604087068966212,0.6275936899721674,0.8526852863579946,0.5451317878650516,0.06966166439928886,0.15080511640760783,-0.16586027788277322,-0.07259018928100776,-0.18039831793527367,-0.16642913839184345,-0.05937943342521767,0.33365632530450073,0.11726377759613803,0.31816512592159396,0.6787885036644224,0.3381033492297954,0.24272549943176824,0.0918780858577864,0.03970540357099358,0.14332922800529876,0.0838852634330803,0.05882153819251676,0.06433861380721063,-0.03219449287337743,-0.0012184576777866417,0.14221022013206996,0.12238575733131697,-0.02526951725019947,-0.0702575144301178,0.03608376714347505,-0.12099774698704051,0.14804275050221713,0.20138332610950974,0.1869216856239856,0.022195429169778826,0.01859711409816882,0.025585112769044613,-0.04884444003726233,0.01601812598404759,-0.006535671539470849,-0.005877530377635348,-0.0020121860960824038,0.008066899632477026,-0.011274267314862123,-0.013339846179503052,-0.009026136811973822,0.03944947631698672
OpenCreditLines,0.19570736127301375,0.09630874584008679,-0.09886049222824231,-0.1059983590079865,-0.10479000923242791,-0.10152871311297598,-0.11762373392237134,-0.12455213732251907,0.10754260156682859,-0.0016089827545172036,-0.1066899490233015,0.13973036807835126,0.27903273194213757,-0.060217155779783774,0.14820983775418428,0.14820983775418428,0.9604087068966212,1.0,0.586731416152889,0.8854483855467236,0.5651447961469657,0.03503558143644483,0.12113187143781148,-0.161928791621923,-0.07043684892835614,-0.18143847014858017,-0.15384748958319094,-0.06254980851671982,0.34274200966337487,0.12275598672688376,0.33172140792984234,0.6356007052082953,0.3497825187247143,0.20704149248381573,0.09021181740688948,0.03288263693259406,0.1430351008291081,0.07200785665183224,0.05651512388165391,0.06359186585998501,-0.04211738378888341,-0.011959737879836466,0.15456066590104456,0.15499415929330046,-0.044325825263927233,-0.08725027218240686,0.027926402420672132,-0.16930841833414093,0.1981345771627414,0.2236810980397164,0.20500986514383876,0.003470933192268923,-0.00048033217250664014,0.015574461330323516,-0.043436386212759935,0.025738227165634207,-0.018996930269302048,-0.017758787052545553,-0.010855650234073722,0.006984151037515842,-0.0211025180907299,-0.018607854912565797,-0.010140513947857293,0.02521096424034689
TotalCreditLinespast7years,0.1303688066564249,0.07652777507006443,0.002513417352464102,-0.005793111196543213,-0.005470025040915728,-0.021227497424470814,-0.028852216565709143,-0.036331493606782374,0.02702217487294859,-0.0372515471374441,-0.038400837650214195,0.1716519099598525,0.29358665389139743,-0.04936994122552113,0.10870652619563541,0.10870652619563541,0.6275936899721674,0.586731416152889,1.0,0.5193350912326516,0.36513869350222083,0.07262889294666568,0.16840175593872814,0.0676006645982879,0.05098352795577303,0.14657419102149633,0.0126693530669132,0.005523971809769023,0.23753047756628032,0.10092423384368153,0.1943603444397815,0.9364824396124785,0.04429381478835201,0.17238093081904748,0.037486138585013505,0.052501724309439515,0.14955212680635788,0.12753376252921642,0.06510106404619961,0.06148421855267507,0.03225002674915057,0.02930892031180238,0.11516862541328349,0.0493493530238218,-0.035210460217269555,-0.0475710084496023,0.014614791445603643,-0.13436378052604792,0.13208814699519622,0.14501220405916138,0.13482898838034393,0.01749197824498852,0.010455188464721906,0.034834669604529744,-0.041498271349843865,-0.0016407840616027847,-0.0038055037143899873,-0.0036856890021359774,0.01194618938130756,-0.001784043850536293,-0.007311052999212509,-0.016086443193190657,-0.0068422250573794,0.008226059443740615
OpenRevolvingAccounts,0.23210881046809656,0.09363651819940813,-0.1102023309840203,-0.12598730952055884,-0.12460929600200649,-0.10996143151065581,-0.1322760452248035,-0.13045698628035016,0.12365184668531329,0.030016687196053958,-0.07318416673245778,0.15470179565755243,0.18891939867840615,-0.10079925677073721,0.21065946085592738,0.21065946085592738,0.8526852863579946,0.8854483855467236,0.5193350912326516,1.0,0.5853797974561562,-0.019802507201476527,0.04438048543785547,-0.1920193119120707,-0.060435025436793896,-0.17927687582590704,-0.1394483818365702,-0.05468754849401401,0.3362773621601862,0.07683612254182746,0.37739262220590747,0.5916034991480031,0.3299032815583448,0.17474719650262346,0.07575332177827229,-0.0013001712987815832,0.11061833667224788,0.03827885552681723,0.020220067142226638,0.028340158517519524,-0.05454154411208256,-0.019915037534078937,0.1314585417356005,0.11737649645536348,-0.03452579760407337,-0.10901947693478665,0.03762842968644905,-0.21349349707207768,0.23229962227386788,0.23312786135183416,0.21692285036036976,0.022116825024062273,0.01907684875931811,0.023935739381003563,-0.06873685446163241,0.02731548300921512,-0.030860769660424368,-0.02998366901032538,-0.013766945859412594,-0.00028499535137368635,-0.011528761395560196,-0.008482934063430793,-0.005227532461379374,0.049840762216754
OpenRevolvingMonthlyPayment,0.1841008366708577,0.08404879172502062,-0.04336543281938462,-0.05562837403934206,-0.05471823122641427,-0.046540587777707636,-0.07208121864736317,-0.06410603440662976,0.059874553119118906,0.010118668736875237,-0.05952320174674224,0.1794350013061631,0.27059076725017167,-0.0921234855451106,0.1389895797796099,0.1389895797796099,0.5451317878650516,0.5651447961469657,0.36513869350222083,0.5853797974561562,1.0,-0.048286836845069084,-0.01934345593467176,-0.16096339332378998,-0.051455276764130274,-0.19138107496346304,-0.1632840677865401,-0.03886334640525153,0.7609607726627793,0.2979283928365806,0.25274169370281346,0.4231598563200938,0.307448430794502,-0.007059496475004865,0.08663537766868258,-0.03274569230807698,0.21540808967196892,0.010783221777896677,0.02012089054505525,0.026735815616936665,-0.04243789454191943,-0.02218529388311788,0.1881431118469635,0.16504554789733278,-0.1107421677270807,-0.06796974609492414,0.017588176709100675,-0.16844890742592983,0.18405938205890904,0.26615449042014194,0.26122148808766366,0.05565059272500625,0.039487239719536965,0.08950578372054306,-0.10786918934142979,0.006630574534479346,0.01616179469252446,0.01635964559001094,0.0036141086196419423,-0.00524470963965514,-0.021470718698031355,-0.012182249626869857,0.0028067090460012806,0.05553428198326249
InquiriesLast6Months,-0.29894148277358856,-0.11356801898915167,0.1461193077096778,0.18381002302390126,0.18048251477226643,0.22129314076516543,0.27975978575821703,0.15350688449623484,-0.26430511791639943,-0.29676185902281965,-0.07264394139241762,-0.04802449827664636,0.0068929738237300696,0.23822559339297214,-0.2621351251849553,-0.2621351251849553,0.06966166439928886,0.03503558143644483,0.07262889294666568,-0.019802507201476527,-0.048286836845069084,1.0,0.7419499251460382,0.15634154075029585,0.02396889595569401,0.09032870321310073,0.08095924590505264,0.048872572205706184,-0.007397492716510076,-0.0325990943466496,-0.0045640397892959695,0.07530747166291527,-0.11988913627049291,0.36544700325195917,0.024435905835451386,0.045767193580032506,0.014853794097021589,-0.00462175129737232,-0.09613139430736514,-0.09814828700695778,-0.001969580867305769,0.0034911924695108726,-0.0248247714519138,-0.020213203480475925,-0.04384764229639732,0.28422407791783655,-0.03331672461007271,0.33296681522246213,-0.2931809071015312,-0.10287834035899694,-0.06383031669776021,0.017710890668707416,0.012657171025942092,0.02815583900238446,0.05506992185371481,-0.05022803170308391,0.18922679044991644,0.18894902104677788,0.06305656952850813,0.012047405839368653,0.04425068480409083,0.0235879372162566,0.022731549876815537,0.013479462404336996
TotalInquiries,-0.2802277992202043,-0.10313240395705352,0.11454640726097183,0.15312874783884267,0.14991519151172278,0.12746887918391087,0.19772964394817616,0.08378080239809889,-0.18870480496541203,-0.21576618057444788,-0.09132475061162278,-0.04473585377946061,0.06659606619294367,0.24889867507988495,-0.2765257301681436,-0.2765257301681436,0.15080511640760783,0.12113187143781148,0.16840175593872814,0.04438048543785547,-0.01934345593467176,0.7419499251460382,1.0,0.1751286457892606,0.03149461648744697,0.11135222956359994,0.10247024690986534,0.05606019725319706,0.006708674400759899,0.017880412494813803,-0.016922505979327866,0.1716653314640544,-0.1279762482826968,0.2605460307131726,0.02856406296911092,0.05053805758047287,0.03648018163074744,0.01913060941913121,-0.0923112266610472,-0.09418841917051221,-0.000984298487104753,-0.0024097520221653436,-0.028438407401986034,-0.009485094083191562,-0.010414222111157086,0.2870212724269659,0.004885885371293593,0.3330754531351598,-0.2759808355471517,-0.07833333152919673,-0.0442911899553824,0.01589447837703587,0.011731788159062808,0.023970975242124822,0.049949622637056865,-0.047206741326470986,0.18743446135454983,0.18736629590519424,0.06598226404063393,0.019360363445345793,0.05481550652188742,0.029127639130335854,0.0233515442841709,0.026334108424918047
CurrentDelinquencies,-0.2333263466681072,-0.08380736677187337,0.14940393564390436,0.17653008360220274,0.17185380702563602,0.13217203533521532,0.15534473806628918,0.10223428065477431,-0.14520525586630723,-0.10061224252453889,-0.049935644976459734,-0.009077576925606274,-0.05545370798519458,0.23244725418744208,-0.36845004621056243,-0.36845004621056243,-0.16586027788277322,-0.161928791621923,0.0676006645982879,-0.1920193119120707,-0.16096339332378998,0.15634154075029585,0.1751286457892606,1.0,0.34054852175673017,0.3777769220085513,0.17964802412684747,0.11166050055947949,-0.08883117675143862,-0.04377307003421157,-0.09243285158339136,-0.00023632689578475562,-0.45876059134081615,-0.004042574388175338,-0.02426459632118378,0.04292009188212169,-0.0388352182192454,-0.01734377568100115,0.02338622534407077,0.01816614444850083,0.040969085971477796,0.014193929539409116,-0.08894997574441901,-0.06174979189888397,-0.04106635748384186,0.21289518556870227,-0.0587011585332496,0.24787300024215037,-0.2258527654375899,-0.17213944856453658,-0.1585579768729674,-0.07693221568356014,-0.07822427226876658,-0.04245369817250949,0.09618018372985063,-0.015150063936578953,0.05134452665166095,0.051505927700391814,0.020388266139860615,0.005125835322660062,0.022532024827056258,0.013337515148112353,0.015324373172304026,-0.08709147820367213
AmountDelinquent,-0.024627294084450815,-0.0164587234328554,0.06567919466222272,0.06564467376257431,0.06502080077382441,0.05436930000807075,0.05173781677771816,0.03835456414470449,-0.05107092227940126,-0.041600592215425315,0.02220237764349331,0.008184689289371792,0.038122258850723886,0.02312931837762377,-0.06584937056994665,-0.06584937056994665,-0.07259018928100776,-0.07043684892835614,0.05098352795577303,-0.060435025436793896,-0.051455276764130274,0.02396889595569401,0.03149461648744697,0.34054852175673017,1.0,0.23327026120386885,0.05569656085680747,0.04115834935112396,-0.02186930962554532,-0.02432135451989283,-0.020285733219988604,0.031958692099638364,-0.13862491971852509,-0.02439571681643288,-0.019397485782361907,0.00897740151788836,0.008662167017566724,0.0015256397172196488,0.025915922286373346,0.021850234105909135,0.033702376436944785,0.008969287961182144,0.006080494027884564,-0.015102931565358765,-0.03260061969230977,0.03070049185165866,-0.026217144379899863,0.013178529020131481,-0.02190696327033163,-0.03875560136013227,-0.02963755433582384,-0.015313638039565501,-0.018724261999005783,0.0024772941549735814,0.015995649343825247,-0.002149660323822019,0.0039620843773734765,0.0044232788209517485,-0.0008229341766646463,-0.005686638304127272,0.016132002192936427,0.007140508254257278,0.005639432997623135,-0.027038858113154887
DelinquenciesLast7Years,-0.07833619220997041,-0.04149237889471673,0.1622253910189315,0.1702787035860903,0.16799984985493288,0.1371783103017316,0.14390562661160544,0.09443582138625692,-0.14714931461610065,-0.09775473822966585,0.016949522566673328,0.012220717785047557,-0.07079839585274965,0.09896586080099992,-0.2512194266110419,-0.2512194266110419,-0.18039831793527367,-0.18143847014858017,0.14657419102149633,-0.17927687582590704,-0.19138107496346304,0.09032870321310073,0.11135222956359994,0.3777769220085513,0.23327026120386885,1.0,0.23526158599321556,0.08385022614622113,-0.1259174730018451,-0.029483501215091502,-0.1344863438322115,0.09387174718909598,-0.5164431774216957,0.024909137014227256,-0.04387670920770017,0.04120704304107543,-0.025805194027738853,-0.03426939840330219,0.011976855173236335,0.0015998228413652692,0.07363369811479026,0.03656949798862643,-0.0978485914117289,-0.06986461533297571,0.0037726289573044645,0.08997227782327451,0.0025341198490700326,0.0821034415406059,-0.07435048317927453,-0.13666672164365706,-0.12124654445939842,-0.07659685499389496,-0.0825819255831037,-0.026102528171424194,0.07944459271141249,-0.015973167320591983,0.0016156292954590424,0.0016068816527230626,0.014447767098331938,-0.004250374657389376,0.006495203818775409,-0.0018318811260778888,0.0020105838394826954,-0.10547938485796746
PublicRecordsLast10Years,-0.04546707521541739,-0.029511669768237162,0.12279280943927891,0.12831378044688005,0.12639889404675853,0.11076955301428464,0.11371874926518667,0.07474186864638596,-0.12110313613406475,-0.08537386633763881,-0.006986415806753089,0.015945064681307852,-0.08858331457622937,0.06907741796870918,-0.21472582221862596,-0.21472582221862596,-0.16642913839184345,-0.15384748958319094,0.0126693530669132,-0.1394483818365702,-0.1632840677865401,0.08095924590505264,0.10247024690986534,0.17964802412684747,0.05569656085680747,0.23526158599321556,1.0,0.31282806509023503,-0.12433807195978047,0.011345287607469662,-0.14223131404977832,-0.017136008582166143,-0.2805015327178108,0.04355553618322152,-0.03773650681011397,0.020062551128334553,-0.020904682459438564,-0.0007578230674085539,-0.002943165249563612,-0.005368973680385311,0.01507191043002706,0.013778899793868118,-0.07626947747974389,-0.02041320653509567,0.016181926053979178,0.08996747301067996,0.020576158708912974,0.05506991377712544,-0.04279733074759194,-0.10860759714420175,-0.0941007555310453,-0.06899843873601327,-0.0743513293600633,-0.023668035122303244,0.0658223773337733,-0.006759786866761091,0.01748726754252124,0.01816982871299667,0.013495260750966423,-0.002031381705126357,0.004419551109502278,-0.003912065694365945,-0.0036793430388802257,-0.0882306522480601
PublicRecordsLast12Months,-0.07315141805275066,-0.026251691206454392,0.044094991345276384,0.051168538892753246,0.04988264933239134,0.03558938164184525,0.03593823257247242,0.03610581589514196,-0.03579074108730509,-0.014884520544860634,0.0031674479879668527,-0.0039177205577401175,-0.015016121219466296,0.05387748828568337,-0.08344301856732919,-0.08344301856732919,-0.05937943342521767,-0.06254980851671982,0.005523971809769023,-0.05468754849401401,-0.03886334640525153,0.048872572205706184,0.05606019725319706,0.11166050055947949,0.04115834935112396,0.08385022614622113,0.31282806509023503,1.0,-0.01709198943657313,-0.021203559617166908,-0.0276967588114816,-0.00860418902549452,-0.11465429567163113,0.0063612459293077885,-0.008150795628079835,-0.005135337699761252,0.0004222828478448384,-0.009911612549076916,-0.006873376856913464,-0.007896348217426472,0.006702013254385934,5.347995780645625e-07,-0.019098582321830083,-0.0001059004517617189,-0.005143533325198223,0.05979472613452771,0.026935015438215616,0.07877419972021234,-0.07196697729962176,-0.04279819187667691,-0.03658621416643927,-0.0011197388717814765,-0.0057103603341994045,0.015008296755120863,0.0018716208422178671,-0.015545733493416569,0.019738417424339218,0.01917265292981819,0.010660860029112249,0.0013618348009324466,0.016082586013902538,0.008313652313518329,0.00043884889053727964,-0.010938318799678876
RevolvingCreditBalance,0.05705582161618268,0.026022497977002953,-0.058539450975788235,-0.059608230500830306,-0.05866544460934615,-0.048707001051712336,-0.06649753815594585,-0.04806599407773047,0.06206839137182998,0.0424174883338047,-0.050052745870785155,0.11832003716133753,0.22464924061260652,-0.031903850408059015,0.08884785154365221,0.08884785154365221,0.33365632530450073,0.34274200966337487,0.23753047756628032,0.3362773621601862,0.7609607726627793,-0.007397492716510076,0.006708674400759899,-0.08883117675143862,-0.02186930962554532,-0.1259174730018451,-0.12433807195978047,-0.01709198943657313,1.0,0.246379170763447,0.23978866123609735,0.2832867743779003,0.2115660127134944,-0.022725597533087494,0.038636462236793706,-0.031956168931574935,0.19489842457920714,-0.0011980809941331298,-0.0025066218220183615,0.0023914257899853106,-0.033930349285977934,-0.018486707304453797,0.14978933984768736,0.119465341039929,-0.0931910505503788,-0.023063126269264614,0.004134818198163035,-0.04167616321138808,0.05681447516187654,0.19087865765754997,0.19302114695996425,0.0799523982091791,0.0708037791815653,0.07913881223316646,-0.09327019141788005,0.00108161729922065,0.03197300136297222,0.03244516994528416,0.006409839040608418,-0.007930820179721064,-0.00513340132091547,-0.0004336717106653611,0.01288378537464568,0.07218477698268373
BankcardUtilization,0.08605283101869905,0.031535353142426274,0.2614380402519363,0.25548202913956697,0.2537549186721722,0.21974988257847972,0.23375668347818715,0.1608579469281889,-0.26521736505051136,-0.2446955704421548,-0.0875829522522585,0.08232097753169987,0.08664085102938184,0.004009995062701526,-0.4053380468400432,-0.4053380468400432,0.11726377759613803,0.12275598672688376,0.10092423384368153,0.07683612254182746,0.2979283928365806,-0.0325990943466496,0.017880412494813803,-0.04377307003421157,-0.02432135451989283,-0.029483501215091502,0.011345287607469662,-0.021203559617166908,0.246379170763447,1.0,-0.350830600055446,0.10059003506262171,0.03926058241014337,-0.050218052119245085,0.035599580480392044,0.04672484487319438,0.037117658907257024,0.0019450688237483275,0.10079812764336399,0.09776807542688473,0.03825958690818691,0.010058521509954777,-0.04411622258075929,-0.004441202513103503,-0.19370062654741618,0.014750809255586533,0.046894540430939304,-0.06349365024990895,0.08554801103660346,-0.03398438484442611,-0.015391075631788594,-0.10406686428368038,-0.12708025863992473,0.016264106358744663,0.05939390971551741,0.0006461942862464223,-0.022549783342096015,-0.021710209291377097,0.005304197429338342,0.014403720575812209,-0.016093328951499147,-0.021870570680568052,-0.004562557153831392,-0.1580532397326351
AvailableBankcardCredit,0.03669010200256972,0.015347737467368365,-0.348926134854317,-0.34386114299282217,-0.34093928179603133,-0.3242046878973261,-0.3427707434475718,-0.28414710576646124,0.37443166480837226,0.3185580380685015,-0.03151694475213188,0.05300786276754336,0.14203902205222463,-0.03403841334708411,0.45325693113429055,0.45325693113429055,0.31816512592159396,0.33172140792984234,0.1943603444397815,0.37739262220590747,0.25274169370281346,-0.0045640397892959695,-0.016922505979327866,-0.09243285158339136,-0.020285733219988604,-0.1344863438322115,-0.14223131404977832,-0.0276967588114816,0.23978866123609735,-0.350830600055446,1.0,0.2499170865814747,0.23842961159373413,0.04611468862037678,0.002058548181792662,-0.045080900918539925,0.1118688340642795,0.0092749136002821,-0.08243797312911118,-0.07586681115973054,-0.06118455198626358,-0.015387991157979246,0.158976481299212,0.10490113565407301,0.033386294039724124,-0.07462584833472616,-0.016008771433943435,-0.026704784851585128,0.0372143910380939,0.22986636296674737,0.19623769231866908,0.1278569781480578,0.1523254947054075,-0.007002592277698649,-0.10011990508447448,0.017771237889213497,-0.006028441678027046,-0.005739552809008493,-0.014357620875478032,-0.009939585998182062,0.020526496171415453,0.02788448747914538,0.004902248952670883,0.2076954150590045
TotalTrades,0.13472878104119973,0.0796503466782435,-0.041893874837259676,-0.048210682255702644,-0.04724919209361399,-0.053520312932608484,-0.06812824474232568,-0.06566265250592476,0.06707096619168428,-0.011130754231019576,-0.06543134546977755,0.218200129297758,0.31740576288063443,-0.04375461661019758,0.14011839102633722,0.14011839102633722,0.6787885036644224,0.6356007052082953,0.9364824396124785,0.5916034991480031,0.4231598563200938,0.07530747166291527,0.1716653314640544,-0.00023632689578475562,0.031958692099638364,0.09387174718909598,-0.017136008582166143,-0.00860418902549452,0.2832867743779003,0.10059003506262171,0.2499170865814747,1.0,0.12205399051363451,0.17811635983305255,0.039317679959440334,0.05848037070551022,0.16344306408960207,0.1385011405880832,0.0600604725102902,0.05920333146656987,0.011749201059187718,0.0223373477541846,0.16065366515709953,0.07676794745724456,-0.04729611891515847,-0.06975341000294802,0.008077858197769327,-0.14038522062569872,0.13761174231165874,0.18013811732279889,0.16625616176937807,0.03108330692762932,0.026645554434171628,0.03378064288471745,-0.04873821549816389,0.00412173231943475,-0.010175009770908162,-0.0098948837266385,0.007174034514160877,-0.0023646877654361046,-0.01600866577231192,-0.021967425293941238,-0.011642344541234763,0.02314076243523049
TradesNeverDelinquent (percentage),0.25465892812211466,0.11934193209886261,-0.24134888301146026,-0.26118945893218554,-0.25628288320427667,-0.22899003460378642,-0.25937991662991783,-0.20468732957341895,0.26135521445189275,0.12989369358239702,-0.02248905575253563,0.051294078025870715,0.13712167602205672,-0.1922370931021698,0.46889900184598293,0.46889900184598293,0.3381033492297954,0.3497825187247143,0.04429381478835201,0.3299032815583448,0.307448430794502,-0.11988913627049291,-0.1279762482826968,-0.45876059134081615,-0.13862491971852509,-0.5164431774216957,-0.2805015327178108,-0.11465429567163113,0.2115660127134944,0.03926058241014337,0.23842961159373413,0.12205399051363451,1.0,0.024788245891070138,0.0546391008185304,-0.04632648619448141,0.061632980028683844,0.09062283860352448,-0.017783534222246926,0.00087557254974227,-0.12433417036413547,-0.09807343310553576,0.19761822143155403,0.12499030126697848,-0.05228942368337335,-0.2172581679797007,-0.03963103824295445,-0.2764344395804422,0.25239261436730026,0.25253441173844904,0.22053435936133972,0.05504326761513658,0.06710899110750466,-0.008248029569589383,-0.0672408174186714,0.058096713636385355,-0.045690667727091454,-0.04331565623506591,-0.05115620470386374,0.001989842322314428,-0.05260074311653239,-0.03295667739018023,-0.03094164811684377,0.09908733554275116
TradesOpenedLast6Months,-0.08453118208424783,-0.02947603537791703,0.10352723272489646,0.11453845531457464,0.11348213091731509,0.14282906371741436,0.15274275214218846,0.07832295850601985,-0.15257126586297434,-0.2170775639496981,-0.03230252079549409,0.002881706247958546,0.033498511639985386,0.07670163384206113,-0.1030504178992336,-0.1030504178992336,0.24272549943176824,0.20704149248381573,0.17238093081904748,0.17474719650262346,-0.007059496475004865,0.36544700325195917,0.2605460307131726,-0.004042574388175338,-0.02439571681643288,0.024909137014227256,0.04355553618322152,0.0063612459293077885,-0.022725597533087494,-0.050218052119245085,0.04611468862037678,0.17811635983305255,0.024788245891070138,1.0,0.030591433375697846,0.05904184632864093,0.011238439096446767,0.0335969742236275,-0.076096644661559,-0.07610912652328108,-0.012406919946463948,-0.002534010679821939,0.00030684176296917127,0.005338331280149714,-0.05611258186357477,0.11701344644055252,-0.02568369069324322,0.10881803028896611,-0.08101879705987394,-0.048110992525337,-0.026890409389840553,-0.012670021203782321,-0.013269971584880068,-0.005540078243005899,0.04834638390006325,-0.024465146218533497,0.08131693152023327,0.08099872333158638,0.03404065266682782,0.012342962730887752,0.01699535480232693,0.0077393164988661615,0.0018363224210000899,-0.01392919455185898
DebtToIncomeRatio,-0.041809586747437885,-0.014670053166760417,0.05632741744355818,0.06291678009428991,0.06194247234339778,0.12850609568375584,0.12611550310842826,0.08723616611862009,-0.13534359067483953,-0.14533589210025621,-0.042754148501972004,-0.011609264724357787,0.00017742713134985977,0.07423950688200982,-0.013168518894302839,-0.013168518894302839,0.0918780858577864,0.09021181740688948,0.037486138585013505,0.07575332177827229,0.08663537766868258,0.024435905835451386,0.02856406296911092,-0.02426459632118378,-0.019397485782361907,-0.04387670920770017,-0.03773650681011397,-0.008150795628079835,0.038636462236793706,0.035599580480392044,0.002058548181792662,0.039317679959440334,0.0546391008185304,0.030591433375697846,1.0,-0.6005165682757123,-0.12265938573653903,0.0020979341491015,0.0043517260359676015,0.006063360232583851,-0.012385677513429645,0.0007613220116155461,0.007387955238227516,0.051572166454533996,-0.059115980501944,0.05492236485838065,-5.862193391624068e-05,0.045446973036741015,-0.03849465466726656,0.010112224491591429,0.02759839784968652,0.021246006812126947,0.011278692983062279,0.04780448500921568,-0.01229427909961425,-0.01163853946012141,0.0723815605612485,0.07275762474469705,0.011240940400822477,0.0023192425802308595,0.03312621409536724,0.03417016195232382,0.02788649185873956,0.004094835240199043
IncomeVerifiable,-0.02402679625872582,0.040402464954061516,-0.10997450375153207,-0.09954015876121648,-0.10015853335388882,-0.09768642567701903,-0.1190541000192016,-0.08280314827237018,0.11600329859749366,0.15461887779927075,-0.04346104751710501,0.030142868176505768,0.06410756136915764,0.030141158749992354,-0.06121476446913536,-0.06121476446913536,0.03970540357099358,0.03288263693259406,0.052501724309439515,-0.0013001712987815832,-0.03274569230807698,0.045767193580032506,0.05053805758047287,0.04292009188212169,0.00897740151788836,0.04120704304107543,0.020062551128334553,-0.005135337699761252,-0.031956168931574935,0.04672484487319438,-0.045080900918539925,0.05848037070551022,-0.04632648619448141,0.05904184632864093,-0.6005165682757123,1.0,0.02247666094116161,-0.011239820702382495,-0.02017872645282066,-0.021028368458311564,0.00436233972808674,-0.00576651357008995,0.009526329502179331,0.0390509882827597,0.04313396852969368,0.0061483115796029586,0.049969527279754934,0.04298839344716438,-0.018745557652715,0.05628955677438596,0.03028615153913971,0.02114949736944895,0.027639482595011203,-0.00942557523014824,-0.028711128129202637,0.002158401932196352,-0.027098655466340032,-0.027578551405997187,0.0026578348698150485,0.011800351832025227,-0.024966121982177365,-0.030996613042860735,-0.02959147066171576,0.03993505155059885
StatedMonthlyIncome,0.07611274337749888,0.0284792509158668,-0.08233849089724919,-0.08898179888781738,-0.08820780629927383,-0.07910101698479004,-0.08925850262719448,-0.07501281493095409,0.09430582996379251,0.08375665332991505,0.0015993092732290257,0.06983037448183328,0.14005112598400532,-0.04838809645340078,0.10790082346003599,0.10790082346003599,0.14332922800529876,0.1430351008291081,0.14955212680635788,0.11061833667224788,0.21540808967196892,0.014853794097021589,0.03648018163074744,-0.0388352182192454,0.008662167017566724,-0.025805194027738853,-0.020904682459438564,0.0004222828478448384,0.19489842457920714,0.037117658907257024,0.1118688340642795,0.16344306408960207,0.061632980028683844,0.011238439096446767,-0.12265938573653903,0.02247666094116161,1.0,0.02734408491752275,0.008132904595003144,0.00721816371308493,0.01015883697632947,-0.007854341557209299,0.26771093275893176,0.17245232332058147,-0.00597766102640617,-0.05031303923150041,0.03408263450957332,-0.08014726402108947,0.07725871013710435,0.20125946794113872,0.1968302555351417,0.08572883334632944,0.0825568575885701,0.06316594266932307,-0.09795051102036842,0.004942259938575595,-0.010444308423906966,-0.010005336457260063,-0.005671448219173603,-0.0128948700090297,-0.01899553634463019,-0.012938327321348468,-0.005251357520701061,0.07624377508121298
TotalProsperLoans,0.1748337017090361,0.07031143906692365,-0.04146684115129476,-0.049270048216163084,-0.04951391218263146,-0.012418499347379899,-0.040203502872811145,-0.06513692272983726,0.04745476662682465,0.07052196697343857,0.009398082778814378,0.06445086875120985,0.01949158607190682,0.06585182287311571,0.019949914481925093,0.019949914481925093,0.0838852634330803,0.07200785665183224,0.12753376252921642,0.03827885552681723,0.010783221777896677,-0.00462175129737232,0.01913060941913121,-0.01734377568100115,0.0015256397172196488,-0.03426939840330219,-0.0007578230674085539,-0.009911612549076916,-0.0011980809941331298,0.0019450688237483275,0.0092749136002821,0.1385011405880832,0.09062283860352448,0.0335969742236275,0.0020979341491015,-0.011239820702382495,0.02734408491752275,1.0,0.7038034732712608,0.7029944344995862,0.1177711140319188,0.03990731699445943,0.543333339411799,0.051970415952590644,0.03846254118272042,-0.08813806885530419,-0.023035994084823572,-0.20048760457182963,0.18101088361050155,0.06652058548982703,0.04947215340305999,-0.030252974358415563,-0.02335426080004476,-0.03811110661953052,0.029615580635986044,0.033769460385638876,-0.05027696737646849,-0.04806455140604034,-0.03902391763141331,0.014314076706162486,0.05495862702533533,-9.789639745377939e-05,-0.0034157854040494096,-0.03507449435412634
TotalProsperPaymentsBilled,0.1316718011786674,0.0024619700143278197,0.03139883383818646,0.01921694471343965,0.01894512727448983,0.0024929199887433642,0.03758428078435303,-0.02620299590302492,-0.028316424394447173,0.04874837757350923,-0.00035340594016790717,0.06813537964719175,0.003520620084022315,0.11247980178864452,-0.02404842129994645,-0.02404842129994645,0.05882153819251676,0.05651512388165391,0.06510106404619961,0.020220067142226638,0.02012089054505525,-0.09613139430736514,-0.0923112266610472,0.02338622534407077,0.025915922286373346,0.011976855173236335,-0.002943165249563612,-0.006873376856913464,-0.0025066218220183615,0.10079812764336399,-0.08243797312911118,0.0600604725102902,-0.017783534222246926,-0.076096644661559,0.0043517260359676015,-0.02017872645282066,0.008132904595003144,0.7038034732712608,1.0,0.9903052133045692,0.2246140552560363,0.09396257731298326,0.3690019245532564,-0.06353844952410656,0.13003638109362248,-0.0981784720218502,0.07802121560389887,-0.17175868361904975,0.12449886560701444,0.030858658032593612,0.03291944124567461,-0.024916115108299625,-0.039401541523694385,0.03302561202424221,-0.022182799409939412,0.021486526580321807,-0.07083619261771493,-0.06926050208446358,-0.03559995252236598,0.012365170457255725,0.05599051034730662,-0.014360851724474192,-0.010247932778337557,-0.05630206183879968
OnTimeProsperPayments,0.13206280503739926,0.0031472047683738544,0.01863241313783099,0.006995634440158214,0.006723592593576095,-0.011209128854190105,0.027464512443355422,-0.03751219652112298,-0.016737469006614086,0.06092131792608968,-0.0012297121070519233,0.06929383315462415,0.008302806004704373,0.10868912344287616,-0.012846181714894486,-0.012846181714894486,0.06433861380721063,0.06359186585998501,0.06148421855267507,0.028340158517519524,0.026735815616936665,-0.09814828700695778,-0.09418841917051221,0.01816614444850083,0.021850234105909135,0.0015998228413652692,-0.005368973680385311,-0.007896348217426472,0.0023914257899853106,0.09776807542688473,-0.07586681115973054,0.05920333146656987,0.00087557254974227,-0.07610912652328108,0.006063360232583851,-0.021028368458311564,0.00721816371308493,0.7029944344995862,0.9903052133045692,1.0,0.08982715171165945,0.023211119154651755,0.36793569031029777,-0.0590469466895671,0.1278043452595698,-0.09996379500123963,0.08758063101171178,-0.16964871492011413,0.12472896645973675,0.03515167096331945,0.03546737208047857,-0.021846121774609373,-0.034849113528407444,0.029922157516852427,-0.024838040699312988,0.031258266378962465,-0.07454144934133165,-0.07262214632339352,-0.03906018491011815,0.012247422118214344,0.05665179949450105,-0.012824441963617102,-0.012010281727961038,-0.051908870332317114
ProsperPaymentsLessThanOneMonthLate,0.020872910255679174,-0.0029124951203434468,0.09103391705513314,0.08576981813823337,0.08572415020742463,0.0912773023504844,0.07236099444214261,0.070381995058738,-0.08021818742480973,-0.07217037861984976,0.006146065090566565,0.003826098884075157,-0.02930268435591492,0.04534261137141193,-0.07957507857643926,-0.07957507857643926,-0.03219449287337743,-0.04211738378888341,0.03225002674915057,-0.05454154411208256,-0.04243789454191943,-0.001969580867305769,-0.000984298487104753,0.040969085971477796,0.033702376436944785,0.07363369811479026,0.01507191043002706,0.006702013254385934,-0.033930349285977934,0.03825958690818691,-0.06118455198626358,0.011749201059187718,-0.12433417036413547,-0.012406919946463948,-0.012385677513429645,0.00436233972808674,0.01015883697632947,0.1177711140319188,0.2246140552560363,0.08982715171165945,1.0,0.3332478344827879,0.06664395836318843,-0.037720320226811654,0.03636142503417452,-0.002733142567441121,-0.04317086033751156,-0.044146515934007,0.021057837958607797,-0.024526872983985995,-0.012609583676730027,-0.027058888427654863,-0.03865143806941726,0.022647112248891613,0.017418557208339028,-0.06461684805216883,0.014377810865639093,0.012218681432384455,0.017973740069384094,0.0019067879927274136,0.005188236916335679,-0.012118700119608111,0.012934555515697006,-0.03957472665646447
ProsperPaymentsOneMonthPlusLate,-0.005101344878785879,-0.008327793471751024,0.05534545353868757,0.050769960264652435,0.05077366835696951,0.05399508457362077,0.043721075401137996,0.04611930879378423,-0.050839049016035136,-0.05070449544327728,0.0026558604565100853,-0.0045794983480428155,-0.030232808712803018,0.013540233535002128,-0.04680633998366399,-0.04680633998366399,-0.0012184576777866417,-0.011959737879836466,0.02930892031180238,-0.019915037534078937,-0.02218529388311788,0.0034911924695108726,-0.0024097520221653436,0.014193929539409116,0.008969287961182144,0.03656949798862643,0.013778899793868118,5.347995780645625e-07,-0.018486707304453797,0.010058521509954777,-0.015387991157979246,0.0223373477541846,-0.09807343310553576,-0.002534010679821939,0.0007613220116155461,-0.00576651357008995,-0.007854341557209299,0.03990731699445943,0.09396257731298326,0.023211119154651755,0.3332478344827879,1.0,0.020905203811452423,-0.03450795214528046,0.015748046910274288,-0.001670685368330061,-0.017348084773703438,-0.007644911301058557,-0.005913917848765249,-0.013917079741722764,-0.005652030088266879,-0.0036675160957802687,-0.013777302534383492,0.030341574086535424,-0.0034700163319946616,-0.030048444406786248,0.008774031447229888,0.007823799737699668,0.010652472427872687,0.004893095241056315,-0.0029375623395242,-0.009478772991466234,-0.004932863861648997,-0.017115406988910897
ProsperPrincipalBorrowed,0.2525826575438902,0.1304928258074143,-0.2062091362282549,-0.20646117654082852,-0.20672534975267068,-0.14334979515037732,-0.20575423694642891,-0.1673691683416712,0.22698372108434645,0.19468503804848283,-0.042385901080798774,0.07975985868313187,0.1485006848712855,-0.001707805312454668,0.23186318820430646,0.23186318820430646,0.14221022013206996,0.15456066590104456,0.11516862541328349,0.1314585417356005,0.1881431118469635,-0.0248247714519138,-0.028438407401986034,-0.08894997574441901,0.006080494027884564,-0.0978485914117289,-0.07626947747974389,-0.019098582321830083,0.14978933984768736,-0.04411622258075929,0.158976481299212,0.16065366515709953,0.19761822143155403,0.00030684176296917127,0.007387955238227516,0.009526329502179331,0.26771093275893176,0.543333339411799,0.3690019245532564,0.36793569031029777,0.06664395836318843,0.020905203811452423,1.0,0.4983513073576621,-0.061890176817947964,-0.07688500937922457,-0.0935578179950056,-0.23530210986828567,0.2605298346137026,0.3822678384141367,0.3397238140904819,0.10167155121390135,0.1035853504852736,0.04791653760359678,-0.13899816402285262,0.029809661342906097,-0.011865531634513088,-0.010005778151821522,-0.023570035202317662,-0.003300758688937338,0.015277563805775824,-0.00910880993555099,0.002838883383333424,0.14312394264828585
ProsperPrincipalOutstanding,0.16424845995954618,0.15337171221917567,-0.09034745378583196,-0.08568468372540083,-0.0857902484724481,-0.012066958768804094,-0.11472840731554074,-0.04872691170146025,0.10915391630607857,0.03442193578573263,-0.02138189274356274,0.04914984008174652,0.09960743422448967,-0.08370199758347217,0.09695441370727041,0.09695441370727041,0.12238575733131697,0.15499415929330046,0.0493493530238218,0.11737649645536348,0.16504554789733278,-0.020213203480475925,-0.009485094083191562,-0.06174979189888397,-0.015102931565358765,-0.06986461533297571,-0.02041320653509567,-0.0001059004517617189,0.119465341039929,-0.004441202513103503,0.10490113565407301,0.07676794745724456,0.12499030126697848,0.005338331280149714,0.051572166454533996,0.0390509882827597,0.17245232332058147,0.051970415952590644,-0.06353844952410656,-0.0590469466895671,-0.037720320226811654,-0.03450795214528046,0.4983513073576621,1.0,-0.19532548549131828,0.01724084848596053,-0.14409840417461783,-0.14163600581660843,0.17900313518497268,0.2061378496448584,0.17031099510063408,-0.01174595556240573,-0.024044404781692338,0.03303917811258988,-0.06901204061788946,-0.0054168338496136835,0.04865247075558472,0.04897122422876299,0.003311962397069957,-0.005053332234723358,-0.03670902964904771,-0.018160873537001947,-0.008924133541971002,0.044921572690085475
ScorexChangeAtTimeOfListing,-0.12640922437626978,-0.048156926858593706,-0.23196150804298263,-0.21715466957731422,-0.2170563415756315,-0.33995738917385143,-0.16992528503483095,-0.20460309025544807,0.21786987878471062,0.2541766081939761,-0.02642858874595976,-0.026440459945563065,-0.04468132379005569,0.1439349235638788,0.317179597578452,0.317179597578452,-0.02526951725019947,-0.044325825263927233,-0.035210460217269555,-0.03452579760407337,-0.1107421677270807,-0.04384764229639732,-0.010414222111157086,-0.04106635748384186,-0.03260061969230977,0.0037726289573044645,0.016181926053979178,-0.005143533325198223,-0.0931910505503788,-0.19370062654741618,0.033386294039724124,-0.04729611891515847,-0.05228942368337335,-0.05611258186357477,-0.059115980501944,0.04313396852969368,-0.00597766102640617,0.03846254118272042,0.13003638109362248,0.1278043452595698,0.03636142503417452,0.015748046910274288,-0.061890176817947964,-0.19532548549131828,1.0,0.010810358336156796,0.18732473936353833,0.16459288944654502,-0.14133836749035067,0.043865800367530315,0.005669314706672912,0.06721887167869806,0.08816237992151871,-0.03402852167485801,-0.05516298173990756,0.019411449369148317,-0.05165810797805684,-0.05220817187106336,0.0037648320779072853,0.003646445646634732,0.058997518658775436,0.028405742267853935,0.009080804141055896,0.15216910344657517
LoanCurrentDaysDelinquent,-0.3702261577164186,-0.13413431757169803,0.08803154048305491,0.13624360813772188,0.13183976040417905,0.13428767011854906,0.19532174428295218,0.22340881835615425,-0.17444982720171998,-0.03912070493780733,-0.10162945578337677,-0.07276768785847118,-0.04124032880835863,0.24865954015245917,-0.281306401685402,-0.281306401685402,-0.0702575144301178,-0.08725027218240686,-0.0475710084496023,-0.10901947693478665,-0.06796974609492414,0.28422407791783655,0.2870212724269659,0.21289518556870227,0.03070049185165866,0.08997227782327451,0.08996747301067996,0.05979472613452771,-0.023063126269264614,0.014750809255586533,-0.07462584833472616,-0.06975341000294802,-0.2172581679797007,0.11701344644055252,0.05492236485838065,0.0061483115796029586,-0.05031303923150041,-0.08813806885530419,-0.0981784720218502,-0.09996379500123963,-0.002733142567441121,-0.001670685368330061,-0.07688500937922457,0.01724084848596053,0.010810358336156796,1.0,0.09286812950333716,0.4193048074604891,-0.37040650401506503,-0.09702128972962171,-0.0544550782554572,-0.08340086340604692,-0.10059697661155725,0.008294965805469422,0.05495072874515334,-0.13377177190943443,0.5340582935241391,0.533929588268378,0.18314737658208108,0.009926082702104318,0.06342725193665796,0.03084338602591432,0.023621987428282403,0.08173447631699389
LoanFirstDefaultedCycleNumber,-0.15506228912305767,-0.07081917468470579,-0.18595560239172154,-0.17293577142801328,-0.17082495546348733,-0.1828873594918245,-0.07838648378019548,-0.021910144515005257,0.11240316018665428,0.16116678904882709,-0.08156486514348925,-0.006327537392255913,0.03095499965094528,0.04491267098764696,0.02294762105675379,0.02294762105675379,0.03608376714347505,0.027926402420672132,0.014614791445603643,0.03762842968644905,0.017588176709100675,-0.03331672461007271,0.004885885371293593,-0.0587011585332496,-0.026217144379899863,0.0025341198490700326,0.020576158708912974,0.026935015438215616,0.004134818198163035,0.046894540430939304,-0.016008771433943435,0.008077858197769327,-0.03963103824295445,-0.02568369069324322,-5.862193391624068e-05,0.049969527279754934,0.03408263450957332,-0.023035994084823572,0.07802121560389887,0.08758063101171178,-0.04317086033751156,-0.017348084773703438,-0.0935578179950056,-0.14409840417461783,0.18732473936353833,0.09286812950333716,1.0,0.1758883886952272,-0.17570684623899957,0.008308118129670788,-0.01094988396423,0.4841099036233207,0.48259624293427406,0.41334564724946093,-0.383058496513854,0.010582139275505189,-0.2637361517229578,-0.25764793451010953,-0.13394173915274368,0.009546688461799612,0.03955066852986317,0.034885117647557404,0.0176974089713329,0.06987530709564194
LoanMonthsSinceOrigination,-0.9391794050706371,-0.34213032902728774,-0.07377282950025224,0.020419565631935272,0.019154751917267492,0.06244294227273259,0.20191614402957012,0.37272723731148105,-0.16321265799883014,0.17761489112759185,-0.19865043431305904,-0.17159776867215346,-0.08619574078761584,0.48272713148823787,-0.33289399490383326,-0.33289399490383326,-0.12099774698704051,-0.16930841833414093,-0.13436378052604792,-0.21349349707207768,-0.16844890742592983,0.33296681522246213,0.3330754531351598,0.24787300024215037,0.013178529020131481,0.0821034415406059,0.05506991377712544,0.07877419972021234,-0.04167616321138808,-0.06349365024990895,-0.026704784851585128,-0.14038522062569872,-0.2764344395804422,0.10881803028896611,0.045446973036741015,0.04298839344716438,-0.08014726402108947,-0.20048760457182963,-0.17175868361904975,-0.16964871492011413,-0.044146515934007,-0.007644911301058557,-0.23530210986828567,-0.14163600581660843,0.16459288944654502,0.4193048074604891,0.1758883886952272,1.0,-0.9442155705372518,-0.30905756538740453,-0.25666097493907425,0.2959445458333323,0.3024046167879549,0.158185455992062,-0.08892150171707071,-0.10525371811160193,0.2512674600472383,0.2465672868200064,0.10753468996145232,0.013106449389258472,0.14697677758359626,0.11011405884847834,0.06533711006329329,0.2585900517831029
LoanNumber,0.9950947054928463,0.3356097049716387,-0.03626890175252501,-0.11872140555529834,-0.11795940242977886,-0.19387821399621938,-0.24082293762001186,-0.4527312419711889,0.207118868776508,-0.12093836131987241,0.12380340300795473,0.15937035932840427,0.07606755455386705,-0.4292109054761823,0.2646661712722232,0.2646661712722232,0.14804275050221713,0.1981345771627414,0.13208814699519622,0.23229962227386788,0.18405938205890904,-0.2931809071015312,-0.2759808355471517,-0.2258527654375899,-0.02190696327033163,-0.07435048317927453,-0.04279733074759194,-0.07196697729962176,0.05681447516187654,0.08554801103660346,0.0372143910380939,0.13761174231165874,0.25239261436730026,-0.08101879705987394,-0.03849465466726656,-0.018745557652715,0.07725871013710435,0.18101088361050155,0.12449886560701444,0.12472896645973675,0.021057837958607797,-0.005913917848765249,0.2605298346137026,0.17900313518497268,-0.14133836749035067,-0.37040650401506503,-0.17570684623899957,-0.9442155705372518,1.0,0.35086987001998,0.2857373830451069,-0.3828477075863446,-0.37017104207456525,-0.2769668997525378,0.2046511970071735,0.10614882347717165,-0.25044434418503125,-0.2461920784328155,-0.09695585097672285,0.018372073059790873,-0.12911946919454545,-0.09685635659320083,-0.05604673248693172,-0.28396332060927537
LoanOriginalAmount,0.3403600808146084,0.33892745773451693,-0.32288668996970254,-0.32895994993849814,-0.3284551073492601,-0.3272657134794812,-0.4298904027412943,-0.2861175065046045,0.4285572220315477,0.266293336187816,-0.12713005354940252,0.09814934720405478,0.2067866446266607,-0.114241174490845,0.3408744514783809,0.3408744514783809,0.20138332610950974,0.2236810980397164,0.14501220405916138,0.23312786135183416,0.26615449042014194,-0.10287834035899694,-0.07833333152919673,-0.17213944856453658,-0.03875560136013227,-0.13666672164365706,-0.10860759714420175,-0.04279819187667691,0.19087865765754997,-0.03398438484442611,0.22986636296674737,0.18013811732279889,0.25253441173844904,-0.048110992525337,0.010112224491591429,0.05628955677438596,0.20125946794113872,0.06652058548982703,0.030858658032593612,0.03515167096331945,-0.024526872983985995,-0.013917079741722764,0.3822678384141367,0.2061378496448584,0.043865800367530315,-0.09702128972962171,0.008308118129670788,-0.30905756538740453,0.35086987001998,1.0,0.9319836797292763,0.3648306028910423,0.32296516648058105,0.36635854516869903,-0.48336698513108234,-0.026213241011184402,0.12749191792405826,0.12740814822581695,0.02431016007958053,-0.010248148183904971,-0.01818998524567553,-0.007508989326935301,0.02035061617453361,0.3800926465635783
MonthlyLoanPayment,0.277266549153955,0.09102577974802471,-0.22665286681437624,-0.24474235007586478,-0.24421415143689282,-0.25158754935515676,-0.3287027419279995,-0.25273126791280304,0.32926206009188796,0.17542487866637418,-0.11826343626074118,0.08116016139589148,0.17970314529329168,-0.093558480031019,0.29253204530382054,0.29253204530382054,0.1869216856239856,0.20500986514383876,0.13482898838034393,0.21692285036036976,0.26122148808766366,-0.06383031669776021,-0.0442911899553824,-0.1585579768729674,-0.02963755433582384,-0.12124654445939842,-0.0941007555310453,-0.03658621416643927,0.19302114695996425,-0.015391075631788594,0.19623769231866908,0.16625616176937807,0.22053435936133972,-0.026890409389840553,0.02759839784968652,0.03028615153913971,0.1968302555351417,0.04947215340305999,0.03291944124567461,0.03546737208047857,-0.012609583676730027,-0.005652030088266879,0.3397238140904819,0.17031099510063408,0.005669314706672912,-0.0544550782554572,-0.01094988396423,-0.25666097493907425,0.2857373830451069,0.9319836797292763,1.0,0.4253505616485535,0.3871997459972576,0.3904761451110323,-0.46205325591438223,-0.03941928679709561,0.18246971437923215,0.1833548489071036,0.04184174530686218,-0.00845251040175567,-0.009981952260713984,-0.0028574999197084586,0.026683899542474628,0.38740934257969883
LP_CustomerPayments,-0.38081436548110703,-0.06969554143010702,-0.11134989332144361,-0.08105506412328066,-0.07905241165282599,-0.006059311728592006,-0.08526058641289602,0.16794988697956528,0.1037114148922254,0.1852895114887511,-0.06022857534585089,-0.03929058704133831,0.09457151863816317,0.09484790000123064,0.21012454165125255,0.21012454165125255,0.022195429169778826,0.003470933192268923,0.01749197824498852,0.022116825024062273,0.05565059272500625,0.017710890668707416,0.01589447837703587,-0.07693221568356014,-0.015313638039565501,-0.07659685499389496,-0.06899843873601327,-0.0011197388717814765,0.0799523982091791,-0.10406686428368038,0.1278569781480578,0.03108330692762932,0.05504326761513658,-0.012670021203782321,0.021246006812126947,0.02114949736944895,0.08572883334632944,-0.030252974358415563,-0.024916115108299625,-0.021846121774609373,-0.027058888427654863,-0.0036675160957802687,0.10167155121390135,-0.01174595556240573,0.06721887167869806,-0.08340086340604692,0.4841099036233207,0.2959445458333323,-0.3828477075863446,0.3648306028910423,0.4253505616485535,1.0,0.9774300449629575,0.6871885109973702,-0.7031245393563517,-0.054825799264952645,-0.026592503188829015,-0.028020375817760245,0.0013026332256506317,-0.05139401897890888,0.080796104415794,0.07549631770640955,0.07477042026400438,0.5626069774041377
LP_CustomerPrincipalPayments,-0.3665550714754556,-0.12825514095038498,-0.18044529597051331,-0.15372229649905625,-0.15156309713745666,-0.08642254093710226,-0.13354851453600408,0.058197911027172776,0.1541510118645117,0.21319705010704454,-0.06204983418229682,-0.04527291761965226,0.08918598970198675,0.10023662705317926,0.22505751584933997,0.22505751584933997,0.01859711409816882,-0.00048033217250664014,0.010455188464721906,0.01907684875931811,0.039487239719536965,0.012657171025942092,0.011731788159062808,-0.07822427226876658,-0.018724261999005783,-0.0825819255831037,-0.0743513293600633,-0.0057103603341994045,0.0708037791815653,-0.12708025863992473,0.1523254947054075,0.026645554434171628,0.06710899110750466,-0.013269971584880068,0.011278692983062279,0.027639482595011203,0.0825568575885701,-0.02335426080004476,-0.039401541523694385,-0.034849113528407444,-0.03865143806941726,-0.013777302534383492,0.1035853504852736,-0.024044404781692338,0.08816237992151871,-0.10059697661155725,0.48259624293427406,0.3024046167879549,-0.37017104207456525,0.32296516648058105,0.3871997459972576,0.9774300449629575,1.0,0.5182031948181381,-0.5769328775477826,-0.02570645221799297,-0.06499620006919629,-0.0656242610796033,-0.013763593795487281,-0.04105651863465366,0.08462810488412378,0.08077797546033408,0.07509551299848845,0.5512147552446311
LP_InterestandFees,-0.28116977237341434,0.15889024855811287,0.16972550664553648,0.20047913270675546,0.20116156551998476,0.25293619258990613,0.10798681406367705,0.44042467118923,-0.10490096580087573,0.010905208577290276,-0.030450877755773733,-0.00310228420950628,0.07616819393440612,0.0392861300099473,0.07680985619987052,0.07680985619987052,0.025585112769044613,0.015574461330323516,0.034834669604529744,0.023935739381003563,0.08950578372054306,0.02815583900238446,0.023970975242124822,-0.04245369817250949,0.0024772941549735814,-0.026102528171424194,-0.023668035122303244,0.015008296755120863,0.07913881223316646,0.016264106358744663,-0.007002592277698649,0.03378064288471745,-0.008248029569589383,-0.005540078243005899,0.04780448500921568,-0.00942557523014824,0.06316594266932307,-0.03811110661953052,0.03302561202424221,0.029922157516852427,0.022647112248891613,0.030341574086535424,0.04791653760359678,0.03303917811258988,-0.03402852167485801,0.008294965805469422,0.41334564724946093,0.158185455992062,-0.2769668997525378,0.36635854516869903,0.3904761451110323,0.6871885109973702,0.5182031948181381,1.0,-0.8625552746012076,-0.13355611580152393,0.11585260885439026,0.1122318193104396,0.0526038325434557,-0.06687712619940983,0.03607378359498071,0.027858081501284854,0.04446024111935734,0.3821266901253209
LP_ServiceFees,0.20828577017103053,-0.16760036570422113,0.11697367806025488,0.09599325934012226,0.0978544286217626,0.05830858213539947,0.19747066900946111,-0.1362742900278463,-0.21133743967908536,-0.2314637168571795,0.03418874310671673,0.0002007651505115563,-0.12364932647805552,0.005209459879754198,-0.23797843240065716,-0.23797843240065716,-0.04884444003726233,-0.043436386212759935,-0.041498271349843865,-0.06873685446163241,-0.10786918934142979,0.05506992185371481,0.049949622637056865,0.09618018372985063,0.015995649343825247,0.07944459271141249,0.0658223773337733,0.0018716208422178671,-0.09327019141788005,0.05939390971551741,-0.10011990508447448,-0.04873821549816389,-0.0672408174186714,0.04834638390006325,-0.01229427909961425,-0.028711128129202637,-0.09795051102036842,0.029615580635986044,-0.022182799409939412,-0.024838040699312988,0.017418557208339028,-0.0034700163319946616,-0.13899816402285262,-0.06901204061788946,-0.05516298173990756,0.05495072874515334,-0.383058496513854,-0.08892150171707071,0.2046511970071735,-0.48336698513108234,-0.46205325591438223,-0.7031245393563517,-0.5769328775477826,-0.8625552746012076,1.0,0.08520517784030594,-0.04942920959980151,-0.04436806769816431,-0.041250273619377505,0.06959054468663292,-0.03901614444745382,-0.035003680461520234,-0.05667464300092178,-0.5248355639833975
LP_CollectionFees,0.10419068381061167,0.03584137078940775,-0.04145199424914932,-0.05337824759610689,-0.0529541818158753,-0.06870806440737243,-0.061119077141461545,-0.094614120436068,0.058148229986668146,0.020132659919928967,0.01983940121396025,0.00994974029845372,-0.0010576588487986184,-0.0448997893414948,0.031212403977709,0.031212403977709,0.01601812598404759,0.025738227165634207,-0.0016407840616027847,0.02731548300921512,0.006630574534479346,-0.05022803170308391,-0.047206741326470986,-0.015150063936578953,-0.002149660323822019,-0.015973167320591983,-0.006759786866761091,-0.015545733493416569,0.00108161729922065,0.0006461942862464223,0.017771237889213497,0.00412173231943475,0.058096713636385355,-0.024465146218533497,-0.01163853946012141,0.002158401932196352,0.004942259938575595,0.033769460385638876,0.021486526580321807,0.031258266378962465,-0.06461684805216883,-0.030048444406786248,0.029809661342906097,-0.0054168338496136835,0.019411449369148317,-0.13377177190943443,0.010582139275505189,-0.10525371811160193,0.10614882347717165,-0.026213241011184402,-0.03941928679709561,-0.054825799264952645,-0.02570645221799297,-0.13355611580152393,0.08520517784030594,1.0,-0.2161582540141075,-0.14889518552223943,-0.623108820849731,0.006186274645996907,-0.015909832837625006,-0.008319046102526569,-0.010141017649751203,-0.07454977875950787
LP_GrossPrincipalLoss,-0.25173944616580496,-0.038353464517686,0.06730089212698258,0.1006347839610937,0.09950623572635531,0.13942101978208046,0.0933375169394551,0.19638405210769425,-0.08611848492767957,-0.02483582659646544,-0.054002037042873444,-0.03622924934762828,0.024312614132128072,0.13227479897321887,-0.06105041201546987,-0.06105041201546987,-0.006535671539470849,-0.018996930269302048,-0.0038055037143899873,-0.030860769660424368,0.01616179469252446,0.18922679044991644,0.18743446135454983,0.05134452665166095,0.0039620843773734765,0.0016156292954590424,0.01748726754252124,0.019738417424339218,0.03197300136297222,-0.022549783342096015,-0.006028441678027046,-0.010175009770908162,-0.045690667727091454,0.08131693152023327,0.0723815605612485,-0.027098655466340032,-0.010444308423906966,-0.05027696737646849,-0.07083619261771493,-0.07454144934133165,0.014377810865639093,0.008774031447229888,-0.011865531634513088,0.04865247075558472,-0.05165810797805684,0.5340582935241391,-0.2637361517229578,0.2512674600472383,-0.25044434418503125,0.12749191792405826,0.18246971437923215,-0.026592503188829015,-0.06499620006919629,0.11585260885439026,-0.04942920959980151,-0.2161582540141075,1.0,0.9928212470286852,0.2597265766323412,-0.013143587212085776,0.04137217371964578,0.02093154060753875,0.028762357354242013,0.2198069667491372
LP_NetPrincipalLoss,-0.24771575477865068,-0.03598066128560143,0.06738529560324952,0.10030834027962682,0.09919506645186517,0.13871181103366964,0.09205292574520263,0.19447939123777874,-0.0849429415351577,-0.02478853821653152,-0.053068166334551484,-0.035736692924118414,0.024655482755769707,0.13048779468987667,-0.060673931121684635,-0.060673931121684635,-0.005877530377635348,-0.017758787052545553,-0.0036856890021359774,-0.02998366901032538,0.01635964559001094,0.18894902104677788,0.18736629590519424,0.051505927700391814,0.0044232788209517485,0.0016068816527230626,0.01816982871299667,0.01917265292981819,0.03244516994528416,-0.021710209291377097,-0.005739552809008493,-0.0098948837266385,-0.04331565623506591,0.08099872333158638,0.07275762474469705,-0.027578551405997187,-0.010005336457260063,-0.04806455140604034,-0.06926050208446358,-0.07262214632339352,0.012218681432384455,0.007823799737699668,-0.010005778151821522,0.04897122422876299,-0.05220817187106336,0.533929588268378,-0.25764793451010953,0.2465672868200064,-0.2461920784328155,0.12740814822581695,0.1833548489071036,-0.028020375817760245,-0.0656242610796033,0.1122318193104396,-0.04436806769816431,-0.14889518552223943,0.9928212470286852,1.0,0.2069850124530689,-0.013578461548419277,0.04089717029849364,0.020349527120346274,0.028300716154034483,0.21604932754260425
LP_NonPrincipalRecoverypayments,-0.0960042799961973,-0.03415741041482865,0.028519307899695742,0.04205874480982919,0.04102516448116786,0.04901385145404187,0.05104914158016081,0.07505328780299575,-0.046824377935661216,-0.01783481872791146,-0.0277000520184575,-0.0047896890144324316,0.005319574987383214,0.0616880421467465,-0.041627049516975566,-0.041627049516975566,-0.0020121860960824038,-0.010855650234073722,0.01194618938130756,-0.013766945859412594,0.0036141086196419423,0.06305656952850813,0.06598226404063393,0.020388266139860615,-0.0008229341766646463,0.014447767098331938,0.013495260750966423,0.010660860029112249,0.006409839040608418,0.005304197429338342,-0.014357620875478032,0.007174034514160877,-0.05115620470386374,0.03404065266682782,0.011240940400822477,0.0026578348698150485,-0.005671448219173603,-0.03902391763141331,-0.03559995252236598,-0.03906018491011815,0.017973740069384094,0.010652472427872687,-0.023570035202317662,0.003311962397069957,0.0037648320779072853,0.18314737658208108,-0.13394173915274368,0.10753468996145232,-0.09695585097672285,0.02431016007958053,0.04184174530686218,0.0013026332256506317,-0.013763593795487281,0.0526038325434557,-0.041250273619377505,-0.623108820849731,0.2597265766323412,0.2069850124530689,1.0,0.0007760977427272331,0.016845265308599627,0.010109495274483328,0.018604304070442824,0.06697014313658259
PercentFunded,0.01468782526166307,-0.02880641859407123,-0.02823558579828025,-0.029024572397658946,-0.029209384374501407,-0.04336576216574214,-0.022737704228265643,-0.03942161647484642,0.012490988250370497,-0.019343991556130154,-0.01168777602989002,0.0009976115861276885,-0.00569588989549836,0.023309833407635924,-0.030432422317189442,-0.030432422317189442,0.008066899632477026,0.006984151037515842,-0.001784043850536293,-0.00028499535137368635,-0.00524470963965514,0.012047405839368653,0.019360363445345793,0.005125835322660062,-0.005686638304127272,-0.004250374657389376,-0.002031381705126357,0.0013618348009324466,-0.007930820179721064,0.014403720575812209,-0.009939585998182062,-0.0023646877654361046,0.001989842322314428,0.012342962730887752,0.0023192425802308595,0.011800351832025227,-0.0128948700090297,0.014314076706162486,0.012365170457255725,0.012247422118214344,0.0019067879927274136,0.004893095241056315,-0.003300758688937338,-0.005053332234723358,0.003646445646634732,0.009926082702104318,0.009546688461799612,0.013106449389258472,0.018372073059790873,-0.010248148183904971,-0.00845251040175567,-0.05139401897890888,-0.04105651863465366,-0.06687712619940983,0.06959054468663292,0.006186274645996907,-0.013143587212085776,-0.013578461548419277,0.0007760977427272331,1.0,0.009604063704110193,0.001621611936826842,0.003337990246473571,-0.04971606595317299
Recommendations,-0.1260310052467054,-0.05667969401761505,-0.04423648406008291,-0.03057868959367715,-0.031068701343786465,-0.04669429344748981,0.004080628058205005,-0.019885511005265664,0.004772415966918861,0.026657580125478503,-0.02803148657602975,-0.03940367547012523,-0.009584923090786816,0.13334759910931882,-0.035079715260754214,-0.035079715260754214,-0.011274267314862123,-0.0211025180907299,-0.007311052999212509,-0.011528761395560196,-0.021470718698031355,0.04425068480409083,0.05481550652188742,0.022532024827056258,0.016132002192936427,0.006495203818775409,0.004419551109502278,0.016082586013902538,-0.00513340132091547,-0.016093328951499147,0.020526496171415453,-0.01600866577231192,-0.05260074311653239,0.01699535480232693,0.03312621409536724,-0.024966121982177365,-0.01899553634463019,0.05495862702533533,0.05599051034730662,0.05665179949450105,0.005188236916335679,-0.0029375623395242,0.015277563805775824,-0.03670902964904771,0.058997518658775436,0.06342725193665796,0.03955066852986317,0.14697677758359626,-0.12911946919454545,-0.01818998524567553,-0.009981952260713984,0.080796104415794,0.08462810488412378,0.03607378359498071,-0.03901614444745382,-0.015909832837625006,0.04137217371964578,0.04089717029849364,0.016845265308599627,0.009604063704110193,1.0,0.7180790818028814,0.32206248589316866,0.07382395018290681
InvestmentFromFriendsCount,-0.09281308725270865,-0.043507048271918834,-0.04675702929057233,-0.03731181518282165,-0.037301855670184715,-0.06384755657336309,0.009475168720203197,-0.04302165919160113,0.007745539608180562,0.028343352433609473,-0.01896772559982663,-0.03143170468687401,-0.010381983323473162,0.10020528627383042,-0.013162309625144484,-0.013162309625144484,-0.013339846179503052,-0.018607854912565797,-0.016086443193190657,-0.008482934063430793,-0.012182249626869857,0.0235879372162566,0.029127639130335854,0.013337515148112353,0.007140508254257278,-0.0018318811260778888,-0.003912065694365945,0.008313652313518329,-0.0004336717106653611,-0.021870570680568052,0.02788448747914538,-0.021967425293941238,-0.03295667739018023,0.0077393164988661615,0.03417016195232382,-0.030996613042860735,-0.012938327321348468,-9.789639745377939e-05,-0.014360851724474192,-0.012824441963617102,-0.012118700119608111,-0.009478772991466234,-0.00910880993555099,-0.018160873537001947,0.028405742267853935,0.03084338602591432,0.034885117647557404,0.11011405884847834,-0.09685635659320083,-0.007508989326935301,-0.0028574999197084586,0.07549631770640955,0.08077797546033408,0.027858081501284854,-0.035003680461520234,-0.008319046102526569,0.02093154060753875,0.020349527120346274,0.010109495274483328,0.001621611936826842,0.7180790818028814,1.0,0.4835059543336752,0.058773125002525926
InvestmentFromFriendsAmount,-0.05348053926196009,-0.024471880594512996,-0.031841379581058746,-0.026511608922689223,-0.026631800754614066,-0.03814571788913016,0.02455528058313031,-0.03190235621002892,-0.01045938239906671,0.0031310353644592314,-0.013096263332459626,-0.02082286549912625,-0.007612444663043761,0.04690624876056119,-0.023008745793154716,-0.023008745793154716,-0.009026136811973822,-0.010140513947857293,-0.0068422250573794,-0.005227532461379374,0.0028067090460012806,0.022731549876815537,0.0233515442841709,0.015324373172304026,0.005639432997623135,0.0020105838394826954,-0.0036793430388802257,0.00043884889053727964,0.01288378537464568,-0.004562557153831392,0.004902248952670883,-0.011642344541234763,-0.03094164811684377,0.0018363224210000899,0.02788649185873956,-0.02959147066171576,-0.005251357520701061,-0.0034157854040494096,-0.010247932778337557,-0.012010281727961038,0.012934555515697006,-0.004932863861648997,0.002838883383333424,-0.008924133541971002,0.009080804141055896,0.023621987428282403,0.0176974089713329,0.06533711006329329,-0.05604673248693172,0.02035061617453361,0.026683899542474628,0.07477042026400438,0.07509551299848845,0.04446024111935734,-0.05667464300092178,-0.010141017649751203,0.028762357354242013,0.028300716154034483,0.018604304070442824,0.003337990246473571,0.32206248589316866,0.4835059543336752,1.0,0.012177825351495605
Investors,-0.27965866844602566,-0.045136519163166244,-0.3076060533203787,-0.2742169423223071,-0.2741738655018894,-0.2652435069615692,-0.2755008821065262,-0.09233728591472486,0.3077531242672988,0.32059380263020293,-0.07399587222787245,-0.04159671215333076,0.12509334757345153,0.09433784577796996,0.27134998677368954,0.27134998677368954,0.03944947631698672,0.02521096424034689,0.008226059443740615,0.049840762216754,0.05553428198326249,0.013479462404336996,0.026334108424918047,-0.08709147820367213,-0.027038858113154887,-0.10547938485796746,-0.0882306522480601,-0.010938318799678876,0.07218477698268373,-0.1580532397326351,0.2076954150590045,0.02314076243523049,0.09908733554275116,-0.01392919455185898,0.004094835240199043,0.03993505155059885,0.07624377508121298,-0.03507449435412634,-0.05630206183879968,-0.051908870332317114,-0.03957472665646447,-0.017115406988910897,0.14312394264828585,0.044921572690085475,0.15216910344657517,0.08173447631699389,0.06987530709564194,0.2585900517831029,-0.28396332060927537,0.3800926465635783,0.38740934257969883,0.5626069774041377,0.5512147552446311,0.3821266901253209,-0.5248355639833975,-0.07454977875950787,0.2198069667491372,0.21604932754260425,0.06697014313658259,-0.04971606595317299,0.07382395018290681,0.058773125002525926,0.012177825351495605,1.0
